West Side Story,Dune,1
West Side Story,Mainstream,1
West Side Story,Bliss,1
West Side Story,The Jesus Rolls,1
West Side Story,Sylvie's Love,1
West Side Story,The Photograph,1
West Side Story,Finch,1
West Side Story,Clifford the Big Red Dog,1
Tenet,Wonder Woman 1984,1
Tenet,Bill & Ted Face the Music,1
Tenet,Free Guy,1
Tenet,A Quiet Place Part II,1
Tenet,Last Night in Soho,1
Tenet,Scoob!,1
Tenet,Bliss,1
Tenet,The Jesus Rolls,1
Tenet,Clouds,1
Tenet,Minions: The Rise of Gru,1
Tenet,Wendy,1
Wonder Woman 1984,Tenet,1
Wonder Woman 1984,Free Guy,1
Wonder Woman 1984,A Quiet Place Part II,2
Wonder Woman 1984,Scoob!,1
Wonder Woman 1984,Bliss,1
Wonder Woman 1984,The Roads Not Taken,1
Wonder Woman 1984,Promising Young Woman,1
Wonder Woman 1984,Minions: The Rise of Gru,1
Wonder Woman 1984,Tom Clancy's Without Remorse,1
Eternals,Halloween Kills,1
Eternals,Godzilla vs. Kong,1
Eternals,Soul,1
Eternals,Raya and the Last Dragon,1
Eternals,Hillbilly Elegy,1
The Many Saints of Newark,News of the World,1
The Many Saints of Newark,Soul,1
The Many Saints of Newark,On the Rocks,1
The Many Saints of Newark,Top Gun: Maverick,1
The Many Saints of Newark,In the Heights,1
The Many Saints of Newark,King Richard,1
The Many Saints of Newark,The King's Man,1
The Many Saints of Newark,The Woman in the Window,1
The Many Saints of Newark,The Eyes of Tammy Faye,1
The Many Saints of Newark,The Good House,1
The Many Saints of Newark,Samaritan,1
Halloween Kills,Eternals,1
Halloween Kills,Godzilla vs. Kong,1
Halloween Kills,Morbius,1
Halloween Kills,Spiral: From the Book of Saw,1
Halloween Kills,The Photograph,1
Halloween Kills,The Invisible Man,1
Halloween Kills,Hitman's Wife's Bodyguard,1
Coming 2 America,Dune,1
Coming 2 America,Bad Boys for Life,1
Coming 2 America,The Lovebirds,1
Coming 2 America,French Exit,1
Coming 2 America,Let Him Go,1
Coming 2 America,Good Joe Bell,1
Godzilla vs. Kong,Eternals,1
Godzilla vs. Kong,Halloween Kills,1
Godzilla vs. Kong,Spiral: From the Book of Saw,1
Godzilla vs. Kong,Hillbilly Elegy,1
Bill & Ted Face the Music,Tenet,1
Bill & Ted Face the Music,Last Night in Soho,1
Bill & Ted Face the Music,Scoob!,1
Bill & Ted Face the Music,On the Rocks,1
Bill & Ted Face the Music,Dolittle,1
Bill & Ted Face the Music,The Jesus Rolls,1
Bill & Ted Face the Music,Clouds,1
Bill & Ted Face the Music,Wendy,1
Nightmare Alley,News of the World,1
Nightmare Alley,The Trial of the Chicago 7,1
Nightmare Alley,Mainstream,1
Dune,West Side Story,1
Dune,Coming 2 America,1
Dune,Downhill,1
Dune,A Quiet Place Part II,1
Dune,Bad Boys for Life,1
Dune,Hillbilly Elegy,1
Dune,French Exit,1
Dune,Let Him Go,1
Dune,Good Joe Bell,1
Dune,Jungle Cruise,1
Dune,Wendy,1
Blonde,The King of Staten Island,1
Blonde,Respect,1
Blonde,On the Rocks,1
Blonde,In the Heights,1
Blonde,The French Dispatch,1
Blonde,Cherry,1
Blonde,The Roads Not Taken,1
Blonde,The Glorias,1
Blonde,Finch,1
Blonde,The Invisible Man,1
Black Widow,News of the World,2
Black Widow,Candyman,1
Black Widow,In the Heights,1
Black Widow,Venom: Let There Be Carnage,1
Free Guy,Tenet,1
Free Guy,Wonder Woman 1984,1
Free Guy,A Quiet Place Part II,1
Free Guy,Scoob!,1
Free Guy,Bliss,1
Free Guy,Minions: The Rise of Gru,1
Free Guy,The Way Back,1
Ghostbusters: Afterlife,The Devil All the Time,1
Ghostbusters: Afterlife,Antlers,1
Ghostbusters: Afterlife,The Prom,1
Ghostbusters: Afterlife,Good Joe Bell,1
Ghostbusters: Afterlife,Irresistible,1
Ghostbusters: Afterlife,Sonic the Hedgehog,1
The King of Staten Island,Blonde,1
The King of Staten Island,Respect,1
The King of Staten Island,A Quiet Place Part II,1
The King of Staten Island,On the Rocks,1
The King of Staten Island,Four Good Days,1
The King of Staten Island,In the Heights,1
The King of Staten Island,The French Dispatch,1
The King of Staten Island,C'mon C'mon,1
The King of Staten Island,Cherry,1
The King of Staten Island,The Roads Not Taken,1
The King of Staten Island,The Glorias,1
The King of Staten Island,Fatherhood,1
The King of Staten Island,Finch,1
The King of Staten Island,The Invisible Man,1
Malignant,Candyman,1
Malignant,No Time to Die,1
Downhill,Dune,1
Downhill,A Quiet Place Part II,1
Downhill,Death on the Nile,1
Downhill,All the Bright Places,1
Downhill,The Lovebirds,1
Downhill,The Roads Not Taken,1
Downhill,Hillbilly Elegy,1
Downhill,Infinite,1
Downhill,Wendy,1
Respect,Blonde,1
Respect,The King of Staten Island,1
Respect,Last Night in Soho,1
Respect,The Trial of the Chicago 7,1
Respect,On the Rocks,1
Respect,In the Heights,1
Respect,Annette,1
Respect,The French Dispatch,1
Respect,All the Bright Places,1
Respect,Bliss,1
Respect,Cherry,1
Respect,The Jesus Rolls,1
Respect,The Roads Not Taken,1
Respect,The Glorias,2
Respect,Finch,1
Respect,The High Note,1
Respect,Minions: The Rise of Gru,1
Respect,Good Joe Bell,1
Respect,The Invisible Man,1
Birds of Prey: And the Fantabulous Emancipation of One Harley Quinn,News of the World,1
Birds of Prey: And the Fantabulous Emancipation of One Harley Quinn,Last Night in Soho,1
Birds of Prey: And the Fantabulous Emancipation of One Harley Quinn,Cherry,1
Birds of Prey: And the Fantabulous Emancipation of One Harley Quinn,Fatherhood,1
Birds of Prey: And the Fantabulous Emancipation of One Harley Quinn,The Prom,1
Birds of Prey: And the Fantabulous Emancipation of One Harley Quinn,Clifford the Big Red Dog,1
F9,No Time to Die,1
F9,Antlers,1
F9,Chicken Run Sequel,1
F9,The One and Only Ivan,1
A Quiet Place Part II,Tenet,1
A Quiet Place Part II,Wonder Woman 1984,2
A Quiet Place Part II,Dune,1
A Quiet Place Part II,Free Guy,1
A Quiet Place Part II,The King of Staten Island,1
A Quiet Place Part II,Downhill,1
A Quiet Place Part II,Scoob!,1
A Quiet Place Part II,Bliss,1
A Quiet Place Part II,The Roads Not Taken,1
A Quiet Place Part II,Promising Young Woman,1
A Quiet Place Part II,Hillbilly Elegy,1
A Quiet Place Part II,Minions: The Rise of Gru,1
A Quiet Place Part II,Tom Clancy's Without Remorse,1
A Quiet Place Part II,Wendy,1
Breaking News in Yuba County,Bliss,1
Breaking News in Yuba County,The Woman in the Window,1
Breaking News in Yuba County,Sylvie's Love,1
Breaking News in Yuba County,Promising Young Woman,1
Breaking News in Yuba County,I'm Thinking of Ending Things,1
Breaking News in Yuba County,Sonic the Hedgehog,1
Onward,On the Rocks,1
Onward,In the Heights,1
Onward,Mulan,1
Onward,King Richard,1
Onward,Sylvie's Love,1
Onward,The Roads Not Taken,1
Onward,Fatherhood,2
Onward,Stillwater,1
Onward,Good Joe Bell,1
Onward,Tom and Jerry,1
Death on the Nile,Downhill,1
Death on the Nile,The Conjuring: The Devil Made Me Do It,1
Death on the Nile,The Lovebirds,1
Death on the Nile,Stillwater,1
Death on the Nile,Tom Clancy's Without Remorse,1
News of the World,The Many Saints of Newark,1
News of the World,Nightmare Alley,1
News of the World,Black Widow,2
News of the World,Birds of Prey: And the Fantabulous Emancipation of One Harley Quinn,1
News of the World,Last Night in Soho,1
News of the World,The Trial of the Chicago 7,1
News of the World,Mainstream,1
News of the World,Top Gun: Maverick,1
News of the World,The King's Man,1
News of the World,Cherry,1
News of the World,Fatherhood,1
News of the World,The Prom,1
News of the World,Irresistible,1
News of the World,Samaritan,1
News of the World,Clifford the Big Red Dog,1
Soul,Eternals,1
Soul,The Many Saints of Newark,1
Soul,On the Rocks,2
Soul,In the Heights,2
Soul,Raya and the Last Dragon,1
Soul,The Woman in the Window,2
Soul,The Good House,2
Morbius,Halloween Kills,1
Morbius,Spiral: From the Book of Saw,1
Morbius,Hitman's Wife's Bodyguard,1
Last Night in Soho,Tenet,1
Last Night in Soho,Bill & Ted Face the Music,1
Last Night in Soho,Respect,1
Last Night in Soho,Birds of Prey: And the Fantabulous Emancipation of One Harley Quinn,1
Last Night in Soho,News of the World,1
Last Night in Soho,Annette,1
Last Night in Soho,The Gentlemen,1
Last Night in Soho,The Jesus Rolls,1
Last Night in Soho,Clouds,1
Last Night in Soho,Fatherhood,1
Last Night in Soho,The Prom,1
Last Night in Soho,The High Note,1
Last Night in Soho,Clifford the Big Red Dog,1
Last Night in Soho,Wendy,1
The Trial of the Chicago 7,Nightmare Alley,1
The Trial of the Chicago 7,Respect,1
The Trial of the Chicago 7,News of the World,1
The Trial of the Chicago 7,Mainstream,1
The Trial of the Chicago 7,Candyman,1
The Trial of the Chicago 7,All the Bright Places,1
The Trial of the Chicago 7,Bliss,1
The Trial of the Chicago 7,The Jesus Rolls,1
The Trial of the Chicago 7,The Glorias,1
The Trial of the Chicago 7,Minions: The Rise of Gru,1
The Trial of the Chicago 7,Good Joe Bell,1
Scoob!,Tenet,1
Scoob!,Wonder Woman 1984,1
Scoob!,Bill & Ted Face the Music,1
Scoob!,Free Guy,1
Scoob!,A Quiet Place Part II,1
Scoob!,Bliss,1
Scoob!,The Lovebirds,1
Scoob!,Finch,1
Scoob!,Minions: The Rise of Gru,1
Scoob!,Clifford the Big Red Dog,1
On the Rocks,The Many Saints of Newark,1
On the Rocks,Bill & Ted Face the Music,1
On the Rocks,Blonde,1
On the Rocks,The King of Staten Island,1
On the Rocks,Respect,1
On the Rocks,Onward,1
On the Rocks,Soul,2
On the Rocks,Four Good Days,1
On the Rocks,In the Heights,3
On the Rocks,Bad Boys for Life,1
On the Rocks,The French Dispatch,1
On the Rocks,Mulan,1
On the Rocks,King Richard,1
On the Rocks,Dolittle,1
On the Rocks,Cherry,1
On the Rocks,The Woman in the Window,2
On the Rocks,Sylvie's Love,1
On the Rocks,The Roads Not Taken,1
On the Rocks,The Glorias,1
On the Rocks,Fatherhood,1
On the Rocks,Stillwater,1
On the Rocks,Finch,1
On the Rocks,Good Joe Bell,1
On the Rocks,The Good House,2
On the Rocks,The Invisible Man,1
Mainstream,West Side Story,1
Mainstream,Nightmare Alley,1
Mainstream,News of the World,1
Mainstream,The Trial of the Chicago 7,1
Mainstream,Bliss,1
Mainstream,The Jesus Rolls,1
Mainstream,Sylvie's Love,1
Mainstream,The Photograph,1
Mainstream,Finch,1
Mainstream,Clifford the Big Red Dog,1
Candyman,Black Widow,1
Candyman,Malignant,1
Candyman,The Trial of the Chicago 7,1
Candyman,In the Heights,1
Candyman,Venom: Let There Be Carnage,1
Spiral: From the Book of Saw,Halloween Kills,1
Spiral: From the Book of Saw,Godzilla vs. Kong,1
Spiral: From the Book of Saw,Morbius,1
Top Gun: Maverick,The Many Saints of Newark,1
Top Gun: Maverick,News of the World,1
Top Gun: Maverick,No Time to Die,1
Top Gun: Maverick,The King's Man,1
Top Gun: Maverick,Samaritan,1
Top Gun: Maverick,Tom Clancy's Without Remorse,1
No Time to Die,Malignant,1
No Time to Die,F9,1
No Time to Die,Top Gun: Maverick,1
No Time to Die,The One and Only Ivan,1
Four Good Days,The King of Staten Island,1
Four Good Days,On the Rocks,1
Four Good Days,Bad Boys for Life,1
Four Good Days,Annette,1
Four Good Days,The Roads Not Taken,1
Four Good Days,Fatherhood,1
Four Good Days,Stillwater,1
In the Heights,The Many Saints of Newark,1
In the Heights,Blonde,1
In the Heights,Black Widow,1
In the Heights,The King of Staten Island,1
In the Heights,Respect,1
In the Heights,Onward,1
In the Heights,Soul,2
In the Heights,On the Rocks,3
In the Heights,Candyman,1
In the Heights,The French Dispatch,1
In the Heights,Fantasy Island,1
In the Heights,Cherry,1
In the Heights,The Woman in the Window,2
In the Heights,The Roads Not Taken,2
In the Heights,The Glorias,1
In the Heights,Fatherhood,1
In the Heights,Finch,1
In the Heights,The Good House,2
In the Heights,The Invisible Man,1
In the Heights,Venom: Let There Be Carnage,1
In the Heights,Tom and Jerry,1
Bad Boys for Life,Coming 2 America,1
Bad Boys for Life,Dune,1
Bad Boys for Life,On the Rocks,1
Bad Boys for Life,Four Good Days,1
Bad Boys for Life,The French Dispatch,1
Bad Boys for Life,French Exit,1
Bad Boys for Life,Let Him Go,1
Bad Boys for Life,Good Joe Bell,1
Annette,Respect,1
Annette,Last Night in Soho,1
Annette,Four Good Days,1
Annette,The Roads Not Taken,1
Annette,Fatherhood,2
Annette,Stillwater,1
Annette,The High Note,1
Annette,Minions: The Rise of Gru,1
Annette,Let Him Go,1
Annette,Tom Clancy's Without Remorse,1
Annette,Hitman's Wife's Bodyguard,1
The French Dispatch,Blonde,1
The French Dispatch,The King of Staten Island,1
The French Dispatch,Respect,1
The French Dispatch,On the Rocks,1
The French Dispatch,In the Heights,1
The French Dispatch,Bad Boys for Life,1
The French Dispatch,The King's Man,1
The French Dispatch,Fantasy Island,1
The French Dispatch,Cherry,1
The French Dispatch,The Photograph,1
The French Dispatch,The Roads Not Taken,1
The French Dispatch,The Glorias,1
The French Dispatch,Finch,1
The French Dispatch,The Invisible Man,1
Mulan,Onward,1
Mulan,On the Rocks,1
Mulan,King Richard,1
Mulan,Raya and the Last Dragon,1
Mulan,Sylvie's Love,1
Mulan,Fatherhood,1
Mulan,Stillwater,1
Mulan,Good Joe Bell,1
The Devil All the Time,Ghostbusters: Afterlife,1
The Devil All the Time,Antlers,1
The Devil All the Time,The Prom,1
The Devil All the Time,Good Joe Bell,1
The Devil All the Time,Irresistible,1
The Devil All the Time,Sonic the Hedgehog,1
The Devil All the Time,Infinite,1
King Richard,The Many Saints of Newark,1
King Richard,Onward,1
King Richard,On the Rocks,1
King Richard,Mulan,1
King Richard,Sylvie's Love,1
King Richard,The Eyes of Tammy Faye,1
King Richard,Fatherhood,1
King Richard,Stillwater,1
King Richard,Good Joe Bell,1
King Richard,The Way Back,1
C'mon C'mon,The King of Staten Island,1
The Conjuring: The Devil Made Me Do It,Death on the Nile,1
The Conjuring: The Devil Made Me Do It,The Lovebirds,1
The Conjuring: The Devil Made Me Do It,Stillwater,1
The Conjuring: The Devil Made Me Do It,Tom Clancy's Without Remorse,1
All the Bright Places,Downhill,1
All the Bright Places,Respect,1
All the Bright Places,The Trial of the Chicago 7,1
All the Bright Places,Bliss,1
All the Bright Places,The Jesus Rolls,1
All the Bright Places,The Photograph,1
All the Bright Places,The Roads Not Taken,1
All the Bright Places,The One and Only Ivan,1
All the Bright Places,The Glorias,1
All the Bright Places,Promising Young Woman,1
All the Bright Places,Minions: The Rise of Gru,1
All the Bright Places,Good Joe Bell,1
All the Bright Places,Infinite,1
Antlers,Ghostbusters: Afterlife,1
Antlers,F9,1
Antlers,The Devil All the Time,1
Antlers,The Prom,2
Antlers,Hillbilly Elegy,1
Antlers,Good Joe Bell,2
Antlers,Irresistible,1
Antlers,Sonic the Hedgehog,1
Antlers,The Way Back,1
The Witches,Irresistible,1
The Witches,Samaritan,1
The King's Man,The Many Saints of Newark,1
The King's Man,News of the World,1
The King's Man,Top Gun: Maverick,1
The King's Man,The French Dispatch,1
The King's Man,Samaritan,1
The Gentlemen,Last Night in Soho,1
Dolittle,Bill & Ted Face the Music,1
Dolittle,On the Rocks,1
Dolittle,Fantasy Island,1
Dolittle,Chicken Run Sequel,1
Dolittle,Jungle Cruise,1
Dolittle,Wendy,1
Fantasy Island,In the Heights,1
Fantasy Island,The French Dispatch,1
Fantasy Island,Dolittle,1
Fantasy Island,Chicken Run Sequel,1
Fantasy Island,Wendy,1
Bliss,West Side Story,1
Bliss,Tenet,1
Bliss,Wonder Woman 1984,1
Bliss,Free Guy,1
Bliss,Respect,1
Bliss,A Quiet Place Part II,1
Bliss,Breaking News in Yuba County,1
Bliss,The Trial of the Chicago 7,1
Bliss,Scoob!,1
Bliss,Mainstream,1
Bliss,All the Bright Places,1
Bliss,The Woman in the Window,1
Bliss,The Jesus Rolls,2
Bliss,Sylvie's Love,2
Bliss,The Photograph,1
Bliss,The Glorias,1
Bliss,Promising Young Woman,1
Bliss,Finch,1
Bliss,Minions: The Rise of Gru,2
Bliss,Good Joe Bell,1
Bliss,I'm Thinking of Ending Things,1
Bliss,Clifford the Big Red Dog,1
Raya and the Last Dragon,Eternals,1
Raya and the Last Dragon,Soul,1
Raya and the Last Dragon,Mulan,1
Chicken Run Sequel,F9,1
Chicken Run Sequel,Dolittle,1
Chicken Run Sequel,Fantasy Island,1
Chicken Run Sequel,I'm Thinking of Ending Things,1
Chicken Run Sequel,Wendy,1
Cherry,Blonde,1
Cherry,The King of Staten Island,1
Cherry,Respect,1
Cherry,Birds of Prey: And the Fantabulous Emancipation of One Harley Quinn,1
Cherry,News of the World,1
Cherry,On the Rocks,1
Cherry,In the Heights,1
Cherry,The French Dispatch,1
Cherry,The Roads Not Taken,1
Cherry,The Glorias,1
Cherry,Finch,1
Cherry,The Invisible Man,1
The Woman in the Window,The Many Saints of Newark,1
The Woman in the Window,Breaking News in Yuba County,1
The Woman in the Window,Soul,2
The Woman in the Window,On the Rocks,2
The Woman in the Window,In the Heights,2
The Woman in the Window,Bliss,1
The Woman in the Window,Sylvie's Love,1
The Woman in the Window,Promising Young Woman,1
The Woman in the Window,The Good House,2
The Woman in the Window,I'm Thinking of Ending Things,1
The Jesus Rolls,West Side Story,1
The Jesus Rolls,Tenet,1
The Jesus Rolls,Bill & Ted Face the Music,1
The Jesus Rolls,Respect,1
The Jesus Rolls,Last Night in Soho,1
The Jesus Rolls,The Trial of the Chicago 7,1
The Jesus Rolls,Mainstream,1
The Jesus Rolls,All the Bright Places,1
The Jesus Rolls,Bliss,2
The Jesus Rolls,Sylvie's Love,1
The Jesus Rolls,Clouds,1
The Jesus Rolls,The Photograph,1
The Jesus Rolls,The Glorias,1
The Jesus Rolls,Finch,1
The Jesus Rolls,Minions: The Rise of Gru,1
The Jesus Rolls,Good Joe Bell,1
The Jesus Rolls,Clifford the Big Red Dog,1
The Jesus Rolls,Wendy,1
Sylvie's Love,West Side Story,1
Sylvie's Love,Breaking News in Yuba County,1
Sylvie's Love,Onward,1
Sylvie's Love,On the Rocks,1
Sylvie's Love,Mainstream,1
Sylvie's Love,Mulan,1
Sylvie's Love,King Richard,1
Sylvie's Love,Bliss,2
Sylvie's Love,The Woman in the Window,1
Sylvie's Love,The Jesus Rolls,1
Sylvie's Love,The Photograph,1
Sylvie's Love,Fatherhood,1
Sylvie's Love,Promising Young Woman,1
Sylvie's Love,Stillwater,1
Sylvie's Love,Finch,1
Sylvie's Love,Good Joe Bell,1
Sylvie's Love,I'm Thinking of Ending Things,1
Sylvie's Love,Clifford the Big Red Dog,1
Clouds,Tenet,1
Clouds,Bill & Ted Face the Music,1
Clouds,Last Night in Soho,1
Clouds,The Jesus Rolls,1
Clouds,Minions: The Rise of Gru,1
Clouds,Wendy,1
The Lovebirds,Coming 2 America,1
The Lovebirds,Downhill,1
The Lovebirds,Death on the Nile,1
The Lovebirds,Scoob!,1
The Lovebirds,The Conjuring: The Devil Made Me Do It,1
The Lovebirds,Stillwater,1
The Lovebirds,Tom Clancy's Without Remorse,1
The Photograph,West Side Story,1
The Photograph,Halloween Kills,1
The Photograph,Mainstream,1
The Photograph,The French Dispatch,1
The Photograph,All the Bright Places,1
The Photograph,Bliss,1
The Photograph,The Jesus Rolls,1
The Photograph,Sylvie's Love,1
The Photograph,The One and Only Ivan,1
The Photograph,Promising Young Woman,1
The Photograph,Finch,1
The Photograph,The Invisible Man,1
The Photograph,Clifford the Big Red Dog,1
The Eyes of Tammy Faye,The Many Saints of Newark,1
The Eyes of Tammy Faye,King Richard,1
The Roads Not Taken,Wonder Woman 1984,1
The Roads Not Taken,Blonde,1
The Roads Not Taken,The King of Staten Island,1
The Roads Not Taken,Downhill,1
The Roads Not Taken,Respect,1
The Roads Not Taken,A Quiet Place Part II,1
The Roads Not Taken,Onward,1
The Roads Not Taken,On the Rocks,1
The Roads Not Taken,Four Good Days,1
The Roads Not Taken,In the Heights,2
The Roads Not Taken,Annette,1
The Roads Not Taken,The French Dispatch,1
The Roads Not Taken,All the Bright Places,1
The Roads Not Taken,Cherry,1
The Roads Not Taken,The Glorias,1
The Roads Not Taken,Fatherhood,2
The Roads Not Taken,Promising Young Woman,1
The Roads Not Taken,Stillwater,1
The Roads Not Taken,Finch,1
The Roads Not Taken,Hillbilly Elegy,1
The Roads Not Taken,Tom Clancy's Without Remorse,1
The Roads Not Taken,The Invisible Man,1
The Roads Not Taken,Infinite,1
The Roads Not Taken,The Way Back,1
The Roads Not Taken,Tom and Jerry,1
The One and Only Ivan,F9,1
The One and Only Ivan,No Time to Die,1
The One and Only Ivan,All the Bright Places,1
The One and Only Ivan,The Photograph,1
The One and Only Ivan,Promising Young Woman,1
The Glorias,Blonde,1
The Glorias,The King of Staten Island,1
The Glorias,Respect,2
The Glorias,The Trial of the Chicago 7,1
The Glorias,On the Rocks,1
The Glorias,In the Heights,1
The Glorias,The French Dispatch,1
The Glorias,All the Bright Places,1
The Glorias,Bliss,1
The Glorias,Cherry,1
The Glorias,The Jesus Rolls,1
The Glorias,The Roads Not Taken,1
The Glorias,Finch,1
The Glorias,Minions: The Rise of Gru,1
The Glorias,Good Joe Bell,1
The Glorias,The Invisible Man,1
Fatherhood,The King of Staten Island,1
Fatherhood,Birds of Prey: And the Fantabulous Emancipation of One Harley Quinn,1
Fatherhood,Onward,2
Fatherhood,News of the World,1
Fatherhood,Last Night in Soho,1
Fatherhood,On the Rocks,1
Fatherhood,Four Good Days,1
Fatherhood,In the Heights,1
Fatherhood,Annette,2
Fatherhood,Mulan,1
Fatherhood,King Richard,1
Fatherhood,Sylvie's Love,1
Fatherhood,The Roads Not Taken,2
Fatherhood,The Prom,1
Fatherhood,Stillwater,2
Fatherhood,Let Him Go,2
Fatherhood,Good Joe Bell,1
Fatherhood,Tom Clancy's Without Remorse,1
Fatherhood,The Invisible Man,1
Fatherhood,Tom and Jerry,1
Fatherhood,Hitman's Wife's Bodyguard,1
Fatherhood,Clifford the Big Red Dog,1
Promising Young Woman,Wonder Woman 1984,1
Promising Young Woman,A Quiet Place Part II,1
Promising Young Woman,Breaking News in Yuba County,1
Promising Young Woman,All the Bright Places,1
Promising Young Woman,Bliss,1
Promising Young Woman,The Woman in the Window,1
Promising Young Woman,Sylvie's Love,1
Promising Young Woman,The Photograph,1
Promising Young Woman,The Roads Not Taken,1
Promising Young Woman,The One and Only Ivan,1
Promising Young Woman,I'm Thinking of Ending Things,1
Promising Young Woman,Tom Clancy's Without Remorse,1
The Prom,Ghostbusters: Afterlife,1
The Prom,Birds of Prey: And the Fantabulous Emancipation of One Harley Quinn,1
The Prom,News of the World,1
The Prom,Last Night in Soho,1
The Prom,The Devil All the Time,1
The Prom,Antlers,2
The Prom,Fatherhood,1
The Prom,Good Joe Bell,2
The Prom,Irresistible,1
The Prom,Sonic the Hedgehog,1
The Prom,The Way Back,1
The Prom,Clifford the Big Red Dog,1
Stillwater,Onward,1
Stillwater,Death on the Nile,1
Stillwater,On the Rocks,1
Stillwater,Four Good Days,1
Stillwater,Annette,1
Stillwater,Mulan,1
Stillwater,King Richard,1
Stillwater,The Conjuring: The Devil Made Me Do It,1
Stillwater,Sylvie's Love,1
Stillwater,The Lovebirds,1
Stillwater,The Roads Not Taken,1
Stillwater,Fatherhood,2
Stillwater,Good Joe Bell,1
Stillwater,Tom Clancy's Without Remorse,1
Finch,West Side Story,1
Finch,Blonde,1
Finch,The King of Staten Island,1
Finch,Respect,1
Finch,Scoob!,1
Finch,On the Rocks,1
Finch,Mainstream,1
Finch,In the Heights,1
Finch,The French Dispatch,1
Finch,Bliss,1
Finch,Cherry,1
Finch,The Jesus Rolls,1
Finch,Sylvie's Love,1
Finch,The Photograph,1
Finch,The Roads Not Taken,1
Finch,The Glorias,1
Finch,The Invisible Man,1
Finch,Hitman's Wife's Bodyguard,1
Finch,Clifford the Big Red Dog,2
Hillbilly Elegy,Eternals,1
Hillbilly Elegy,Godzilla vs. Kong,1
Hillbilly Elegy,Dune,1
Hillbilly Elegy,Downhill,1
Hillbilly Elegy,A Quiet Place Part II,1
Hillbilly Elegy,Antlers,1
Hillbilly Elegy,The Roads Not Taken,1
Hillbilly Elegy,The Way Back,1
Hillbilly Elegy,Wendy,1
The High Note,Respect,1
The High Note,Last Night in Soho,1
The High Note,Annette,1
Minions: The Rise of Gru,Tenet,1
Minions: The Rise of Gru,Wonder Woman 1984,1
Minions: The Rise of Gru,Free Guy,1
Minions: The Rise of Gru,Respect,1
Minions: The Rise of Gru,A Quiet Place Part II,1
Minions: The Rise of Gru,The Trial of the Chicago 7,1
Minions: The Rise of Gru,Scoob!,1
Minions: The Rise of Gru,Annette,1
Minions: The Rise of Gru,All the Bright Places,1
Minions: The Rise of Gru,Bliss,2
Minions: The Rise of Gru,The Jesus Rolls,1
Minions: The Rise of Gru,Clouds,1
Minions: The Rise of Gru,The Glorias,1
Minions: The Rise of Gru,Good Joe Bell,1
French Exit,Coming 2 America,1
French Exit,Dune,1
French Exit,Bad Boys for Life,1
French Exit,Let Him Go,1
French Exit,Good Joe Bell,1
Let Him Go,Coming 2 America,1
Let Him Go,Dune,1
Let Him Go,Bad Boys for Life,1
Let Him Go,Annette,1
Let Him Go,Fatherhood,2
Let Him Go,French Exit,1
Let Him Go,Good Joe Bell,1
Let Him Go,Tom Clancy's Without Remorse,1
Let Him Go,The Invisible Man,1
Let Him Go,Hitman's Wife's Bodyguard,1
Good Joe Bell,Coming 2 America,1
Good Joe Bell,Dune,1
Good Joe Bell,Ghostbusters: Afterlife,1
Good Joe Bell,Respect,1
Good Joe Bell,Onward,1
Good Joe Bell,The Trial of the Chicago 7,1
Good Joe Bell,On the Rocks,1
Good Joe Bell,Bad Boys for Life,1
Good Joe Bell,Mulan,1
Good Joe Bell,The Devil All the Time,1
Good Joe Bell,King Richard,1
Good Joe Bell,All the Bright Places,1
Good Joe Bell,Antlers,2
Good Joe Bell,Bliss,1
Good Joe Bell,The Jesus Rolls,1
Good Joe Bell,Sylvie's Love,1
Good Joe Bell,The Glorias,1
Good Joe Bell,Fatherhood,1
Good Joe Bell,The Prom,2
Good Joe Bell,Stillwater,1
Good Joe Bell,Minions: The Rise of Gru,1
Good Joe Bell,French Exit,1
Good Joe Bell,Let Him Go,1
Good Joe Bell,Irresistible,1
Good Joe Bell,Sonic the Hedgehog,1
Good Joe Bell,The Way Back,1
The Good House,The Many Saints of Newark,1
The Good House,Soul,2
The Good House,On the Rocks,2
The Good House,In the Heights,2
The Good House,The Woman in the Window,2
I'm Thinking of Ending Things,Breaking News in Yuba County,1
I'm Thinking of Ending Things,Bliss,1
I'm Thinking of Ending Things,Chicken Run Sequel,1
I'm Thinking of Ending Things,The Woman in the Window,1
I'm Thinking of Ending Things,Sylvie's Love,1
I'm Thinking of Ending Things,Promising Young Woman,1
Irresistible,Ghostbusters: Afterlife,1
Irresistible,News of the World,1
Irresistible,The Devil All the Time,1
Irresistible,Antlers,1
Irresistible,The Witches,1
Irresistible,The Prom,1
Irresistible,Good Joe Bell,1
Irresistible,Sonic the Hedgehog,1
Samaritan,The Many Saints of Newark,1
Samaritan,News of the World,1
Samaritan,Top Gun: Maverick,1
Samaritan,The Witches,1
Samaritan,The King's Man,1
Samaritan,Tom and Jerry,1
Sonic the Hedgehog,Ghostbusters: Afterlife,1
Sonic the Hedgehog,Breaking News in Yuba County,1
Sonic the Hedgehog,The Devil All the Time,1
Sonic the Hedgehog,Antlers,1
Sonic the Hedgehog,The Prom,1
Sonic the Hedgehog,Good Joe Bell,1
Sonic the Hedgehog,Irresistible,1
Tom Clancy's Without Remorse,Wonder Woman 1984,1
Tom Clancy's Without Remorse,A Quiet Place Part II,1
Tom Clancy's Without Remorse,Death on the Nile,1
Tom Clancy's Without Remorse,Top Gun: Maverick,1
Tom Clancy's Without Remorse,Annette,1
Tom Clancy's Without Remorse,The Conjuring: The Devil Made Me Do It,1
Tom Clancy's Without Remorse,The Lovebirds,1
Tom Clancy's Without Remorse,The Roads Not Taken,1
Tom Clancy's Without Remorse,Fatherhood,1
Tom Clancy's Without Remorse,Promising Young Woman,1
Tom Clancy's Without Remorse,Stillwater,1
Tom Clancy's Without Remorse,Let Him Go,1
Tom Clancy's Without Remorse,Hitman's Wife's Bodyguard,1
The Invisible Man,Halloween Kills,1
The Invisible Man,Blonde,1
The Invisible Man,The King of Staten Island,1
The Invisible Man,Respect,1
The Invisible Man,On the Rocks,1
The Invisible Man,In the Heights,1
The Invisible Man,The French Dispatch,1
The Invisible Man,Cherry,1
The Invisible Man,The Photograph,1
The Invisible Man,The Roads Not Taken,1
The Invisible Man,The Glorias,1
The Invisible Man,Fatherhood,1
The Invisible Man,Finch,1
The Invisible Man,Let Him Go,1
Venom: Let There Be Carnage,Black Widow,1
Venom: Let There Be Carnage,Candyman,1
Venom: Let There Be Carnage,In the Heights,1
Jungle Cruise,Dune,1
Jungle Cruise,Dolittle,1
Infinite,Downhill,1
Infinite,The Devil All the Time,1
Infinite,All the Bright Places,1
Infinite,The Roads Not Taken,1
The Way Back,Free Guy,1
The Way Back,King Richard,1
The Way Back,Antlers,1
The Way Back,The Roads Not Taken,1
The Way Back,The Prom,1
The Way Back,Hillbilly Elegy,1
The Way Back,Good Joe Bell,1
Tom and Jerry,Onward,1
Tom and Jerry,In the Heights,1
Tom and Jerry,The Roads Not Taken,1
Tom and Jerry,Fatherhood,1
Tom and Jerry,Samaritan,1
Hitman's Wife's Bodyguard,Halloween Kills,1
Hitman's Wife's Bodyguard,Morbius,1
Hitman's Wife's Bodyguard,Annette,1
Hitman's Wife's Bodyguard,Fatherhood,1
Hitman's Wife's Bodyguard,Finch,1
Hitman's Wife's Bodyguard,Let Him Go,1
Hitman's Wife's Bodyguard,Tom Clancy's Without Remorse,1
Clifford the Big Red Dog,West Side Story,1
Clifford the Big Red Dog,Birds of Prey: And the Fantabulous Emancipation of One Harley Quinn,1
Clifford the Big Red Dog,News of the World,1
Clifford the Big Red Dog,Last Night in Soho,1
Clifford the Big Red Dog,Scoob!,1
Clifford the Big Red Dog,Mainstream,1
Clifford the Big Red Dog,Bliss,1
Clifford the Big Red Dog,The Jesus Rolls,1
Clifford the Big Red Dog,Sylvie's Love,1
Clifford the Big Red Dog,The Photograph,1
Clifford the Big Red Dog,Fatherhood,1
Clifford the Big Red Dog,The Prom,1
Clifford the Big Red Dog,Finch,2
Wendy,Tenet,1
Wendy,Bill & Ted Face the Music,1
Wendy,Dune,1
Wendy,Downhill,1
Wendy,A Quiet Place Part II,1
Wendy,Last Night in Soho,1
Wendy,Dolittle,1
Wendy,Fantasy Island,1
Wendy,Chicken Run Sequel,1
Wendy,The Jesus Rolls,1
Wendy,Clouds,1
Wendy,Hillbilly Elegy,1
Wonder Woman 1984,A Quiet Place Part II,2
Black Widow,News of the World,2
Respect,The Glorias,2
A Quiet Place Part II,Wonder Woman 1984,2
Onward,Fatherhood,2
News of the World,Black Widow,2
Soul,On the Rocks,2
Soul,In the Heights,2
Soul,The Woman in the Window,2
Soul,The Good House,2
On the Rocks,Soul,2
On the Rocks,In the Heights,3
On the Rocks,The Woman in the Window,2
On the Rocks,The Good House,2
In the Heights,Soul,2
In the Heights,On the Rocks,3
In the Heights,The Woman in the Window,2
In the Heights,The Roads Not Taken,2
In the Heights,The Good House,2
Annette,Fatherhood,2
Antlers,The Prom,2
Antlers,Good Joe Bell,2
Bliss,The Jesus Rolls,2
Bliss,Sylvie's Love,2
Bliss,Minions: The Rise of Gru,2
The Woman in the Window,Soul,2
The Woman in the Window,On the Rocks,2
The Woman in the Window,In the Heights,2
The Woman in the Window,The Good House,2
The Jesus Rolls,Bliss,2
Sylvie's Love,Bliss,2
The Roads Not Taken,In the Heights,2
The Roads Not Taken,Fatherhood,2
The Glorias,Respect,2
Fatherhood,Onward,2
Fatherhood,Annette,2
Fatherhood,The Roads Not Taken,2
Fatherhood,Stillwater,2
Fatherhood,Let Him Go,2
The Prom,Antlers,2
The Prom,Good Joe Bell,2
Stillwater,Fatherhood,2
Finch,Clifford the Big Red Dog,2
Minions: The Rise of Gru,Bliss,2
Let Him Go,Fatherhood,2
Good Joe Bell,Antlers,2
Good Joe Bell,The Prom,2
The Good House,Soul,2
The Good House,On the Rocks,2
The Good House,In the Heights,2
The Good House,The Woman in the Window,2
Clifford the Big Red Dog,Finch,2
West Side Story,Dune,1
West Side Story,Mainstream,1
West Side Story,Bliss,1
West Side Story,The Jesus Rolls,1
West Side Story,Sylvie's Love,1
West Side Story,The Photograph,1
West Side Story,Finch,1
West Side Story,Clifford the Big Red Dog,1
Tenet,Wonder Woman 1984,1
Tenet,Bill & Ted Face the Music,1
Tenet,Free Guy,1
Tenet,A Quiet Place Part II,1
Tenet,Last Night in Soho,1
Tenet,Scoob!,1
Tenet,Bliss,1
Tenet,The Jesus Rolls,1
Tenet,Clouds,1
Tenet,Minions: The Rise of Gru,1
Tenet,Wendy,1
Wonder Woman 1984,Tenet,1
Wonder Woman 1984,Free Guy,1
Wonder Woman 1984,A Quiet Place Part II,2
Wonder Woman 1984,Scoob!,1
Wonder Woman 1984,Bliss,1
Wonder Woman 1984,The Roads Not Taken,1
Wonder Woman 1984,Promising Young Woman,1
Wonder Woman 1984,Minions: The Rise of Gru,1
Wonder Woman 1984,Tom Clancy's Without Remorse,1
Eternals,Halloween Kills,1
Eternals,Godzilla vs. Kong,1
Eternals,Soul,1
Eternals,Raya and the Last Dragon,1
Eternals,Hillbilly Elegy,1
The Many Saints of Newark,News of the World,1
The Many Saints of Newark,Soul,1
The Many Saints of Newark,On the Rocks,1
The Many Saints of Newark,Top Gun: Maverick,1
The Many Saints of Newark,In the Heights,1
The Many Saints of Newark,King Richard,1
The Many Saints of Newark,The King's Man,1
The Many Saints of Newark,The Woman in the Window,1
The Many Saints of Newark,The Eyes of Tammy Faye,1
The Many Saints of Newark,The Good House,1
The Many Saints of Newark,Samaritan,1
Halloween Kills,Eternals,1
Halloween Kills,Godzilla vs. Kong,1
Halloween Kills,Morbius,1
Halloween Kills,Spiral: From the Book of Saw,1
Halloween Kills,The Photograph,1
Halloween Kills,The Invisible Man,1
Halloween Kills,Hitman's Wife's Bodyguard,1
Coming 2 America,Dune,1
Coming 2 America,Bad Boys for Life,1
Coming 2 America,The Lovebirds,1
Coming 2 America,French Exit,1
Coming 2 America,Let Him Go,1
Coming 2 America,Good Joe Bell,1
Godzilla vs. Kong,Eternals,1
Godzilla vs. Kong,Halloween Kills,1
Godzilla vs. Kong,Spiral: From the Book of Saw,1
Godzilla vs. Kong,Hillbilly Elegy,1
Bill & Ted Face the Music,Tenet,1
Bill & Ted Face the Music,Last Night in Soho,1
Bill & Ted Face the Music,Scoob!,1
Bill & Ted Face the Music,On the Rocks,1
Bill & Ted Face the Music,Dolittle,1
Bill & Ted Face the Music,The Jesus Rolls,1
Bill & Ted Face the Music,Clouds,1
Bill & Ted Face the Music,Wendy,1
Nightmare Alley,News of the World,1
Nightmare Alley,The Trial of the Chicago 7,1
Nightmare Alley,Mainstream,1
Dune,West Side Story,1
Dune,Coming 2 America,1
Dune,Downhill,1
Dune,A Quiet Place Part II,1
Dune,Bad Boys for Life,1
Dune,Hillbilly Elegy,1
Dune,French Exit,1
Dune,Let Him Go,1
Dune,Good Joe Bell,1
Dune,Jungle Cruise,1
Dune,Wendy,1
Blonde,The King of Staten Island,1
Blonde,Respect,1
Blonde,On the Rocks,1
Blonde,In the Heights,1
Blonde,The French Dispatch,1
Blonde,Cherry,1
Blonde,The Roads Not Taken,1
Blonde,The Glorias,1
Blonde,Finch,1
Blonde,The Invisible Man,1
Black Widow,News of the World,2
Black Widow,Candyman,1
Black Widow,In the Heights,1
Black Widow,Venom: Let There Be Carnage,1
Free Guy,Tenet,1
Free Guy,Wonder Woman 1984,1
Free Guy,A Quiet Place Part II,1
Free Guy,Scoob!,1
Free Guy,Bliss,1
Free Guy,Minions: The Rise of Gru,1
Free Guy,The Way Back,1
Ghostbusters: Afterlife,The Devil All the Time,1
Ghostbusters: Afterlife,Antlers,1
Ghostbusters: Afterlife,The Prom,1
Ghostbusters: Afterlife,Good Joe Bell,1
Ghostbusters: Afterlife,Irresistible,1
Ghostbusters: Afterlife,Sonic the Hedgehog,1
The King of Staten Island,Blonde,1
The King of Staten Island,Respect,1
The King of Staten Island,A Quiet Place Part II,1
The King of Staten Island,On the Rocks,1
The King of Staten Island,Four Good Days,1
The King of Staten Island,In the Heights,1
The King of Staten Island,The French Dispatch,1
The King of Staten Island,C'mon C'mon,1
The King of Staten Island,Cherry,1
The King of Staten Island,The Roads Not Taken,1
The King of Staten Island,The Glorias,1
The King of Staten Island,Fatherhood,1
The King of Staten Island,Finch,1
The King of Staten Island,The Invisible Man,1
Malignant,Candyman,1
Malignant,No Time to Die,1
Downhill,Dune,1
Downhill,A Quiet Place Part II,1
Downhill,Death on the Nile,1
Downhill,All the Bright Places,1
Downhill,The Lovebirds,1
Downhill,The Roads Not Taken,1
Downhill,Hillbilly Elegy,1
Downhill,Infinite,1
Downhill,Wendy,1
Respect,Blonde,1
Respect,The King of Staten Island,1
Respect,Last Night in Soho,1
Respect,The Trial of the Chicago 7,1
Respect,On the Rocks,1
Respect,In the Heights,1
Respect,Annette,1
Respect,The French Dispatch,1
Respect,All the Bright Places,1
Respect,Bliss,1
Respect,Cherry,1
Respect,The Jesus Rolls,1
Respect,The Roads Not Taken,1
Respect,The Glorias,2
Respect,Finch,1
Respect,The High Note,1
Respect,Minions: The Rise of Gru,1
Respect,Good Joe Bell,1
Respect,The Invisible Man,1
Birds of Prey: And the Fantabulous Emancipation of One Harley Quinn,News of the World,1
Birds of Prey: And the Fantabulous Emancipation of One Harley Quinn,Last Night in Soho,1
Birds of Prey: And the Fantabulous Emancipation of One Harley Quinn,Cherry,1
Birds of Prey: And the Fantabulous Emancipation of One Harley Quinn,Fatherhood,1
Birds of Prey: And the Fantabulous Emancipation of One Harley Quinn,The Prom,1
Birds of Prey: And the Fantabulous Emancipation of One Harley Quinn,Clifford the Big Red Dog,1
F9,No Time to Die,1
F9,Antlers,1
F9,Chicken Run Sequel,1
F9,The One and Only Ivan,1
A Quiet Place Part II,Tenet,1
A Quiet Place Part II,Wonder Woman 1984,2
A Quiet Place Part II,Dune,1
A Quiet Place Part II,Free Guy,1
A Quiet Place Part II,The King of Staten Island,1
A Quiet Place Part II,Downhill,1
A Quiet Place Part II,Scoob!,1
A Quiet Place Part II,Bliss,1
A Quiet Place Part II,The Roads Not Taken,1
A Quiet Place Part II,Promising Young Woman,1
A Quiet Place Part II,Hillbilly Elegy,1
A Quiet Place Part II,Minions: The Rise of Gru,1
A Quiet Place Part II,Tom Clancy's Without Remorse,1
A Quiet Place Part II,Wendy,1
Breaking News in Yuba County,Bliss,1
Breaking News in Yuba County,The Woman in the Window,1
Breaking News in Yuba County,Sylvie's Love,1
Breaking News in Yuba County,Promising Young Woman,1
Breaking News in Yuba County,I'm Thinking of Ending Things,1
Breaking News in Yuba County,Sonic the Hedgehog,1
Onward,On the Rocks,1
Onward,In the Heights,1
Onward,Mulan,1
Onward,King Richard,1
Onward,Sylvie's Love,1
Onward,The Roads Not Taken,1
Onward,Fatherhood,2
Onward,Stillwater,1
Onward,Good Joe Bell,1
Onward,Tom and Jerry,1
Death on the Nile,Downhill,1
Death on the Nile,The Conjuring: The Devil Made Me Do It,1
Death on the Nile,The Lovebirds,1
Death on the Nile,Stillwater,1
Death on the Nile,Tom Clancy's Without Remorse,1
News of the World,The Many Saints of Newark,1
News of the World,Nightmare Alley,1
News of the World,Black Widow,2
News of the World,Birds of Prey: And the Fantabulous Emancipation of One Harley Quinn,1
News of the World,Last Night in Soho,1
News of the World,The Trial of the Chicago 7,1
News of the World,Mainstream,1
News of the World,Top Gun: Maverick,1
News of the World,The King's Man,1
News of the World,Cherry,1
News of the World,Fatherhood,1
News of the World,The Prom,1
News of the World,Irresistible,1
News of the World,Samaritan,1
News of the World,Clifford the Big Red Dog,1
Soul,Eternals,1
Soul,The Many Saints of Newark,1
Soul,On the Rocks,2
Soul,In the Heights,2
Soul,Raya and the Last Dragon,1
Soul,The Woman in the Window,2
Soul,The Good House,2
Morbius,Halloween Kills,1
Morbius,Spiral: From the Book of Saw,1
Morbius,Hitman's Wife's Bodyguard,1
Last Night in Soho,Tenet,1
Last Night in Soho,Bill & Ted Face the Music,1
Last Night in Soho,Respect,1
Last Night in Soho,Birds of Prey: And the Fantabulous Emancipation of One Harley Quinn,1
Last Night in Soho,News of the World,1
Last Night in Soho,Annette,1
Last Night in Soho,The Gentlemen,1
Last Night in Soho,The Jesus Rolls,1
Last Night in Soho,Clouds,1
Last Night in Soho,Fatherhood,1
Last Night in Soho,The Prom,1
Last Night in Soho,The High Note,1
Last Night in Soho,Clifford the Big Red Dog,1
Last Night in Soho,Wendy,1
The Trial of the Chicago 7,Nightmare Alley,1
The Trial of the Chicago 7,Respect,1
The Trial of the Chicago 7,News of the World,1
The Trial of the Chicago 7,Mainstream,1
The Trial of the Chicago 7,Candyman,1
The Trial of the Chicago 7,All the Bright Places,1
The Trial of the Chicago 7,Bliss,1
The Trial of the Chicago 7,The Jesus Rolls,1
The Trial of the Chicago 7,The Glorias,1
The Trial of the Chicago 7,Minions: The Rise of Gru,1
The Trial of the Chicago 7,Good Joe Bell,1
Scoob!,Tenet,1
Scoob!,Wonder Woman 1984,1
Scoob!,Bill & Ted Face the Music,1
Scoob!,Free Guy,1
Scoob!,A Quiet Place Part II,1
Scoob!,Bliss,1
Scoob!,The Lovebirds,1
Scoob!,Finch,1
Scoob!,Minions: The Rise of Gru,1
Scoob!,Clifford the Big Red Dog,1
On the Rocks,The Many Saints of Newark,1
On the Rocks,Bill & Ted Face the Music,1
On the Rocks,Blonde,1
On the Rocks,The King of Staten Island,1
On the Rocks,Respect,1
On the Rocks,Onward,1
On the Rocks,Soul,2
On the Rocks,Four Good Days,1
On the Rocks,In the Heights,3
On the Rocks,Bad Boys for Life,1
On the Rocks,The French Dispatch,1
On the Rocks,Mulan,1
On the Rocks,King Richard,1
On the Rocks,Dolittle,1
On the Rocks,Cherry,1
On the Rocks,The Woman in the Window,2
On the Rocks,Sylvie's Love,1
On the Rocks,The Roads Not Taken,1
On the Rocks,The Glorias,1
On the Rocks,Fatherhood,1
On the Rocks,Stillwater,1
On the Rocks,Finch,1
On the Rocks,Good Joe Bell,1
On the Rocks,The Good House,2
On the Rocks,The Invisible Man,1
Mainstream,West Side Story,1
Mainstream,Nightmare Alley,1
Mainstream,News of the World,1
Mainstream,The Trial of the Chicago 7,1
Mainstream,Bliss,1
Mainstream,The Jesus Rolls,1
Mainstream,Sylvie's Love,1
Mainstream,The Photograph,1
Mainstream,Finch,1
Mainstream,Clifford the Big Red Dog,1
Candyman,Black Widow,1
Candyman,Malignant,1
Candyman,The Trial of the Chicago 7,1
Candyman,In the Heights,1
Candyman,Venom: Let There Be Carnage,1
Spiral: From the Book of Saw,Halloween Kills,1
Spiral: From the Book of Saw,Godzilla vs. Kong,1
Spiral: From the Book of Saw,Morbius,1
Top Gun: Maverick,The Many Saints of Newark,1
Top Gun: Maverick,News of the World,1
Top Gun: Maverick,No Time to Die,1
Top Gun: Maverick,The King's Man,1
Top Gun: Maverick,Samaritan,1
Top Gun: Maverick,Tom Clancy's Without Remorse,1
No Time to Die,Malignant,1
No Time to Die,F9,1
No Time to Die,Top Gun: Maverick,1
No Time to Die,The One and Only Ivan,1
Four Good Days,The King of Staten Island,1
Four Good Days,On the Rocks,1
Four Good Days,Bad Boys for Life,1
Four Good Days,Annette,1
Four Good Days,The Roads Not Taken,1
Four Good Days,Fatherhood,1
Four Good Days,Stillwater,1
In the Heights,The Many Saints of Newark,1
In the Heights,Blonde,1
In the Heights,Black Widow,1
In the Heights,The King of Staten Island,1
In the Heights,Respect,1
In the Heights,Onward,1
In the Heights,Soul,2
In the Heights,On the Rocks,3
In the Heights,Candyman,1
In the Heights,The French Dispatch,1
In the Heights,Fantasy Island,1
In the Heights,Cherry,1
In the Heights,The Woman in the Window,2
In the Heights,The Roads Not Taken,2
In the Heights,The Glorias,1
In the Heights,Fatherhood,1
In the Heights,Finch,1
In the Heights,The Good House,2
In the Heights,The Invisible Man,1
In the Heights,Venom: Let There Be Carnage,1
In the Heights,Tom and Jerry,1
Bad Boys for Life,Coming 2 America,1
Bad Boys for Life,Dune,1
Bad Boys for Life,On the Rocks,1
Bad Boys for Life,Four Good Days,1
Bad Boys for Life,The French Dispatch,1
Bad Boys for Life,French Exit,1
Bad Boys for Life,Let Him Go,1
Bad Boys for Life,Good Joe Bell,1
Annette,Respect,1
Annette,Last Night in Soho,1
Annette,Four Good Days,1
Annette,The Roads Not Taken,1
Annette,Fatherhood,2
Annette,Stillwater,1
Annette,The High Note,1
Annette,Minions: The Rise of Gru,1
Annette,Let Him Go,1
Annette,Tom Clancy's Without Remorse,1
Annette,Hitman's Wife's Bodyguard,1
The French Dispatch,Blonde,1
The French Dispatch,The King of Staten Island,1
The French Dispatch,Respect,1
The French Dispatch,On the Rocks,1
The French Dispatch,In the Heights,1
The French Dispatch,Bad Boys for Life,1
The French Dispatch,The King's Man,1
The French Dispatch,Fantasy Island,1
The French Dispatch,Cherry,1
The French Dispatch,The Photograph,1
The French Dispatch,The Roads Not Taken,1
The French Dispatch,The Glorias,1
The French Dispatch,Finch,1
The French Dispatch,The Invisible Man,1
Mulan,Onward,1
Mulan,On the Rocks,1
Mulan,King Richard,1
Mulan,Raya and the Last Dragon,1
Mulan,Sylvie's Love,1
Mulan,Fatherhood,1
Mulan,Stillwater,1
Mulan,Good Joe Bell,1
The Devil All the Time,Ghostbusters: Afterlife,1
The Devil All the Time,Antlers,1
The Devil All the Time,The Prom,1
The Devil All the Time,Good Joe Bell,1
The Devil All the Time,Irresistible,1
The Devil All the Time,Sonic the Hedgehog,1
The Devil All the Time,Infinite,1
King Richard,The Many Saints of Newark,1
King Richard,Onward,1
King Richard,On the Rocks,1
King Richard,Mulan,1
King Richard,Sylvie's Love,1
King Richard,The Eyes of Tammy Faye,1
King Richard,Fatherhood,1
King Richard,Stillwater,1
King Richard,Good Joe Bell,1
King Richard,The Way Back,1
C'mon C'mon,The King of Staten Island,1
The Conjuring: The Devil Made Me Do It,Death on the Nile,1
The Conjuring: The Devil Made Me Do It,The Lovebirds,1
The Conjuring: The Devil Made Me Do It,Stillwater,1
The Conjuring: The Devil Made Me Do It,Tom Clancy's Without Remorse,1
All the Bright Places,Downhill,1
All the Bright Places,Respect,1
All the Bright Places,The Trial of the Chicago 7,1
All the Bright Places,Bliss,1
All the Bright Places,The Jesus Rolls,1
All the Bright Places,The Photograph,1
All the Bright Places,The Roads Not Taken,1
All the Bright Places,The One and Only Ivan,1
All the Bright Places,The Glorias,1
All the Bright Places,Promising Young Woman,1
All the Bright Places,Minions: The Rise of Gru,1
All the Bright Places,Good Joe Bell,1
All the Bright Places,Infinite,1
Antlers,Ghostbusters: Afterlife,1
Antlers,F9,1
Antlers,The Devil All the Time,1
Antlers,The Prom,2
Antlers,Hillbilly Elegy,1
Antlers,Good Joe Bell,2
Antlers,Irresistible,1
Antlers,Sonic the Hedgehog,1
Antlers,The Way Back,1
The Witches,Irresistible,1
The Witches,Samaritan,1
The King's Man,The Many Saints of Newark,1
The King's Man,News of the World,1
The King's Man,Top Gun: Maverick,1
The King's Man,The French Dispatch,1
The King's Man,Samaritan,1
The Gentlemen,Last Night in Soho,1
Dolittle,Bill & Ted Face the Music,1
Dolittle,On the Rocks,1
Dolittle,Fantasy Island,1
Dolittle,Chicken Run Sequel,1
Dolittle,Jungle Cruise,1
Dolittle,Wendy,1
Fantasy Island,In the Heights,1
Fantasy Island,The French Dispatch,1
Fantasy Island,Dolittle,1
Fantasy Island,Chicken Run Sequel,1
Fantasy Island,Wendy,1
Bliss,West Side Story,1
Bliss,Tenet,1
Bliss,Wonder Woman 1984,1
Bliss,Free Guy,1
Bliss,Respect,1
Bliss,A Quiet Place Part II,1
Bliss,Breaking News in Yuba County,1
Bliss,The Trial of the Chicago 7,1
Bliss,Scoob!,1
Bliss,Mainstream,1
Bliss,All the Bright Places,1
Bliss,The Woman in the Window,1
Bliss,The Jesus Rolls,2
Bliss,Sylvie's Love,2
Bliss,The Photograph,1
Bliss,The Glorias,1
Bliss,Promising Young Woman,1
Bliss,Finch,1
Bliss,Minions: The Rise of Gru,2
Bliss,Good Joe Bell,1
Bliss,I'm Thinking of Ending Things,1
Bliss,Clifford the Big Red Dog,1
Raya and the Last Dragon,Eternals,1
Raya and the Last Dragon,Soul,1
Raya and the Last Dragon,Mulan,1
Chicken Run Sequel,F9,1
Chicken Run Sequel,Dolittle,1
Chicken Run Sequel,Fantasy Island,1
Chicken Run Sequel,I'm Thinking of Ending Things,1
Chicken Run Sequel,Wendy,1
Cherry,Blonde,1
Cherry,The King of Staten Island,1
Cherry,Respect,1
Cherry,Birds of Prey: And the Fantabulous Emancipation of One Harley Quinn,1
Cherry,News of the World,1
Cherry,On the Rocks,1
Cherry,In the Heights,1
Cherry,The French Dispatch,1
Cherry,The Roads Not Taken,1
Cherry,The Glorias,1
Cherry,Finch,1
Cherry,The Invisible Man,1
The Woman in the Window,The Many Saints of Newark,1
The Woman in the Window,Breaking News in Yuba County,1
The Woman in the Window,Soul,2
The Woman in the Window,On the Rocks,2
The Woman in the Window,In the Heights,2
The Woman in the Window,Bliss,1
The Woman in the Window,Sylvie's Love,1
The Woman in the Window,Promising Young Woman,1
The Woman in the Window,The Good House,2
The Woman in the Window,I'm Thinking of Ending Things,1
The Jesus Rolls,West Side Story,1
The Jesus Rolls,Tenet,1
The Jesus Rolls,Bill & Ted Face the Music,1
The Jesus Rolls,Respect,1
The Jesus Rolls,Last Night in Soho,1
The Jesus Rolls,The Trial of the Chicago 7,1
The Jesus Rolls,Mainstream,1
The Jesus Rolls,All the Bright Places,1
The Jesus Rolls,Bliss,2
The Jesus Rolls,Sylvie's Love,1
The Jesus Rolls,Clouds,1
The Jesus Rolls,The Photograph,1
The Jesus Rolls,The Glorias,1
The Jesus Rolls,Finch,1
The Jesus Rolls,Minions: The Rise of Gru,1
The Jesus Rolls,Good Joe Bell,1
The Jesus Rolls,Clifford the Big Red Dog,1
The Jesus Rolls,Wendy,1
Sylvie's Love,West Side Story,1
Sylvie's Love,Breaking News in Yuba County,1
Sylvie's Love,Onward,1
Sylvie's Love,On the Rocks,1
Sylvie's Love,Mainstream,1
Sylvie's Love,Mulan,1
Sylvie's Love,King Richard,1
Sylvie's Love,Bliss,2
Sylvie's Love,The Woman in the Window,1
Sylvie's Love,The Jesus Rolls,1
Sylvie's Love,The Photograph,1
Sylvie's Love,Fatherhood,1
Sylvie's Love,Promising Young Woman,1
Sylvie's Love,Stillwater,1
Sylvie's Love,Finch,1
Sylvie's Love,Good Joe Bell,1
Sylvie's Love,I'm Thinking of Ending Things,1
Sylvie's Love,Clifford the Big Red Dog,1
Clouds,Tenet,1
Clouds,Bill & Ted Face the Music,1
Clouds,Last Night in Soho,1
Clouds,The Jesus Rolls,1
Clouds,Minions: The Rise of Gru,1
Clouds,Wendy,1
The Lovebirds,Coming 2 America,1
The Lovebirds,Downhill,1
The Lovebirds,Death on the Nile,1
The Lovebirds,Scoob!,1
The Lovebirds,The Conjuring: The Devil Made Me Do It,1
The Lovebirds,Stillwater,1
The Lovebirds,Tom Clancy's Without Remorse,1
The Photograph,West Side Story,1
The Photograph,Halloween Kills,1
The Photograph,Mainstream,1
The Photograph,The French Dispatch,1
The Photograph,All the Bright Places,1
The Photograph,Bliss,1
The Photograph,The Jesus Rolls,1
The Photograph,Sylvie's Love,1
The Photograph,The One and Only Ivan,1
The Photograph,Promising Young Woman,1
The Photograph,Finch,1
The Photograph,The Invisible Man,1
The Photograph,Clifford the Big Red Dog,1
The Eyes of Tammy Faye,The Many Saints of Newark,1
The Eyes of Tammy Faye,King Richard,1
The Roads Not Taken,Wonder Woman 1984,1
The Roads Not Taken,Blonde,1
The Roads Not Taken,The King of Staten Island,1
The Roads Not Taken,Downhill,1
The Roads Not Taken,Respect,1
The Roads Not Taken,A Quiet Place Part II,1
The Roads Not Taken,Onward,1
The Roads Not Taken,On the Rocks,1
The Roads Not Taken,Four Good Days,1
The Roads Not Taken,In the Heights,2
The Roads Not Taken,Annette,1
The Roads Not Taken,The French Dispatch,1
The Roads Not Taken,All the Bright Places,1
The Roads Not Taken,Cherry,1
The Roads Not Taken,The Glorias,1
The Roads Not Taken,Fatherhood,2
The Roads Not Taken,Promising Young Woman,1
The Roads Not Taken,Stillwater,1
The Roads Not Taken,Finch,1
The Roads Not Taken,Hillbilly Elegy,1
The Roads Not Taken,Tom Clancy's Without Remorse,1
The Roads Not Taken,The Invisible Man,1
The Roads Not Taken,Infinite,1
The Roads Not Taken,The Way Back,1
The Roads Not Taken,Tom and Jerry,1
The One and Only Ivan,F9,1
The One and Only Ivan,No Time to Die,1
The One and Only Ivan,All the Bright Places,1
The One and Only Ivan,The Photograph,1
The One and Only Ivan,Promising Young Woman,1
The Glorias,Blonde,1
The Glorias,The King of Staten Island,1
The Glorias,Respect,2
The Glorias,The Trial of the Chicago 7,1
The Glorias,On the Rocks,1
The Glorias,In the Heights,1
The Glorias,The French Dispatch,1
The Glorias,All the Bright Places,1
The Glorias,Bliss,1
The Glorias,Cherry,1
The Glorias,The Jesus Rolls,1
The Glorias,The Roads Not Taken,1
The Glorias,Finch,1
The Glorias,Minions: The Rise of Gru,1
The Glorias,Good Joe Bell,1
The Glorias,The Invisible Man,1
Fatherhood,The King of Staten Island,1
Fatherhood,Birds of Prey: And the Fantabulous Emancipation of One Harley Quinn,1
Fatherhood,Onward,2
Fatherhood,News of the World,1
Fatherhood,Last Night in Soho,1
Fatherhood,On the Rocks,1
Fatherhood,Four Good Days,1
Fatherhood,In the Heights,1
Fatherhood,Annette,2
Fatherhood,Mulan,1
Fatherhood,King Richard,1
Fatherhood,Sylvie's Love,1
Fatherhood,The Roads Not Taken,2
Fatherhood,The Prom,1
Fatherhood,Stillwater,2
Fatherhood,Let Him Go,2
Fatherhood,Good Joe Bell,1
Fatherhood,Tom Clancy's Without Remorse,1
Fatherhood,The Invisible Man,1
Fatherhood,Tom and Jerry,1
Fatherhood,Hitman's Wife's Bodyguard,1
Fatherhood,Clifford the Big Red Dog,1
Promising Young Woman,Wonder Woman 1984,1
Promising Young Woman,A Quiet Place Part II,1
Promising Young Woman,Breaking News in Yuba County,1
Promising Young Woman,All the Bright Places,1
Promising Young Woman,Bliss,1
Promising Young Woman,The Woman in the Window,1
Promising Young Woman,Sylvie's Love,1
Promising Young Woman,The Photograph,1
Promising Young Woman,The Roads Not Taken,1
Promising Young Woman,The One and Only Ivan,1
Promising Young Woman,I'm Thinking of Ending Things,1
Promising Young Woman,Tom Clancy's Without Remorse,1
The Prom,Ghostbusters: Afterlife,1
The Prom,Birds of Prey: And the Fantabulous Emancipation of One Harley Quinn,1
The Prom,News of the World,1
The Prom,Last Night in Soho,1
The Prom,The Devil All the Time,1
The Prom,Antlers,2
The Prom,Fatherhood,1
The Prom,Good Joe Bell,2
The Prom,Irresistible,1
The Prom,Sonic the Hedgehog,1
The Prom,The Way Back,1
The Prom,Clifford the Big Red Dog,1
Stillwater,Onward,1
Stillwater,Death on the Nile,1
Stillwater,On the Rocks,1
Stillwater,Four Good Days,1
Stillwater,Annette,1
Stillwater,Mulan,1
Stillwater,King Richard,1
Stillwater,The Conjuring: The Devil Made Me Do It,1
Stillwater,Sylvie's Love,1
Stillwater,The Lovebirds,1
Stillwater,The Roads Not Taken,1
Stillwater,Fatherhood,2
Stillwater,Good Joe Bell,1
Stillwater,Tom Clancy's Without Remorse,1
Finch,West Side Story,1
Finch,Blonde,1
Finch,The King of Staten Island,1
Finch,Respect,1
Finch,Scoob!,1
Finch,On the Rocks,1
Finch,Mainstream,1
Finch,In the Heights,1
Finch,The French Dispatch,1
Finch,Bliss,1
Finch,Cherry,1
Finch,The Jesus Rolls,1
Finch,Sylvie's Love,1
Finch,The Photograph,1
Finch,The Roads Not Taken,1
Finch,The Glorias,1
Finch,The Invisible Man,1
Finch,Hitman's Wife's Bodyguard,1
Finch,Clifford the Big Red Dog,2
Hillbilly Elegy,Eternals,1
Hillbilly Elegy,Godzilla vs. Kong,1
Hillbilly Elegy,Dune,1
Hillbilly Elegy,Downhill,1
Hillbilly Elegy,A Quiet Place Part II,1
Hillbilly Elegy,Antlers,1
Hillbilly Elegy,The Roads Not Taken,1
Hillbilly Elegy,The Way Back,1
Hillbilly Elegy,Wendy,1
The High Note,Respect,1
The High Note,Last Night in Soho,1
The High Note,Annette,1
Minions: The Rise of Gru,Tenet,1
Minions: The Rise of Gru,Wonder Woman 1984,1
Minions: The Rise of Gru,Free Guy,1
Minions: The Rise of Gru,Respect,1
Minions: The Rise of Gru,A Quiet Place Part II,1
Minions: The Rise of Gru,The Trial of the Chicago 7,1
Minions: The Rise of Gru,Scoob!,1
Minions: The Rise of Gru,Annette,1
Minions: The Rise of Gru,All the Bright Places,1
Minions: The Rise of Gru,Bliss,2
Minions: The Rise of Gru,The Jesus Rolls,1
Minions: The Rise of Gru,Clouds,1
Minions: The Rise of Gru,The Glorias,1
Minions: The Rise of Gru,Good Joe Bell,1
French Exit,Coming 2 America,1
French Exit,Dune,1
French Exit,Bad Boys for Life,1
French Exit,Let Him Go,1
French Exit,Good Joe Bell,1
Let Him Go,Coming 2 America,1
Let Him Go,Dune,1
Let Him Go,Bad Boys for Life,1
Let Him Go,Annette,1
Let Him Go,Fatherhood,2
Let Him Go,French Exit,1
Let Him Go,Good Joe Bell,1
Let Him Go,Tom Clancy's Without Remorse,1
Let Him Go,The Invisible Man,1
Let Him Go,Hitman's Wife's Bodyguard,1
Good Joe Bell,Coming 2 America,1
Good Joe Bell,Dune,1
Good Joe Bell,Ghostbusters: Afterlife,1
Good Joe Bell,Respect,1
Good Joe Bell,Onward,1
Good Joe Bell,The Trial of the Chicago 7,1
Good Joe Bell,On the Rocks,1
Good Joe Bell,Bad Boys for Life,1
Good Joe Bell,Mulan,1
Good Joe Bell,The Devil All the Time,1
Good Joe Bell,King Richard,1
Good Joe Bell,All the Bright Places,1
Good Joe Bell,Antlers,2
Good Joe Bell,Bliss,1
Good Joe Bell,The Jesus Rolls,1
Good Joe Bell,Sylvie's Love,1
Good Joe Bell,The Glorias,1
Good Joe Bell,Fatherhood,1
Good Joe Bell,The Prom,2
Good Joe Bell,Stillwater,1
Good Joe Bell,Minions: The Rise of Gru,1
Good Joe Bell,French Exit,1
Good Joe Bell,Let Him Go,1
Good Joe Bell,Irresistible,1
Good Joe Bell,Sonic the Hedgehog,1
Good Joe Bell,The Way Back,1
The Good House,The Many Saints of Newark,1
The Good House,Soul,2
The Good House,On the Rocks,2
The Good House,In the Heights,2
The Good House,The Woman in the Window,2
I'm Thinking of Ending Things,Breaking News in Yuba County,1
I'm Thinking of Ending Things,Bliss,1
I'm Thinking of Ending Things,Chicken Run Sequel,1
I'm Thinking of Ending Things,The Woman in the Window,1
I'm Thinking of Ending Things,Sylvie's Love,1
I'm Thinking of Ending Things,Promising Young Woman,1
Irresistible,Ghostbusters: Afterlife,1
Irresistible,News of the World,1
Irresistible,The Devil All the Time,1
Irresistible,Antlers,1
Irresistible,The Witches,1
Irresistible,The Prom,1
Irresistible,Good Joe Bell,1
Irresistible,Sonic the Hedgehog,1
Samaritan,The Many Saints of Newark,1
Samaritan,News of the World,1
Samaritan,Top Gun: Maverick,1
Samaritan,The Witches,1
Samaritan,The King's Man,1
Samaritan,Tom and Jerry,1
Sonic the Hedgehog,Ghostbusters: Afterlife,1
Sonic the Hedgehog,Breaking News in Yuba County,1
Sonic the Hedgehog,The Devil All the Time,1
Sonic the Hedgehog,Antlers,1
Sonic the Hedgehog,The Prom,1
Sonic the Hedgehog,Good Joe Bell,1
Sonic the Hedgehog,Irresistible,1
Tom Clancy's Without Remorse,Wonder Woman 1984,1
Tom Clancy's Without Remorse,A Quiet Place Part II,1
Tom Clancy's Without Remorse,Death on the Nile,1
Tom Clancy's Without Remorse,Top Gun: Maverick,1
Tom Clancy's Without Remorse,Annette,1
Tom Clancy's Without Remorse,The Conjuring: The Devil Made Me Do It,1
Tom Clancy's Without Remorse,The Lovebirds,1
Tom Clancy's Without Remorse,The Roads Not Taken,1
Tom Clancy's Without Remorse,Fatherhood,1
Tom Clancy's Without Remorse,Promising Young Woman,1
Tom Clancy's Without Remorse,Stillwater,1
Tom Clancy's Without Remorse,Let Him Go,1
Tom Clancy's Without Remorse,Hitman's Wife's Bodyguard,1
The Invisible Man,Halloween Kills,1
The Invisible Man,Blonde,1
The Invisible Man,The King of Staten Island,1
The Invisible Man,Respect,1
The Invisible Man,On the Rocks,1
The Invisible Man,In the Heights,1
The Invisible Man,The French Dispatch,1
The Invisible Man,Cherry,1
The Invisible Man,The Photograph,1
The Invisible Man,The Roads Not Taken,1
The Invisible Man,The Glorias,1
The Invisible Man,Fatherhood,1
The Invisible Man,Finch,1
The Invisible Man,Let Him Go,1
Venom: Let There Be Carnage,Black Widow,1
Venom: Let There Be Carnage,Candyman,1
Venom: Let There Be Carnage,In the Heights,1
Jungle Cruise,Dune,1
Jungle Cruise,Dolittle,1
Infinite,Downhill,1
Infinite,The Devil All the Time,1
Infinite,All the Bright Places,1
Infinite,The Roads Not Taken,1
The Way Back,Free Guy,1
The Way Back,King Richard,1
The Way Back,Antlers,1
The Way Back,The Roads Not Taken,1
The Way Back,The Prom,1
The Way Back,Hillbilly Elegy,1
The Way Back,Good Joe Bell,1
Tom and Jerry,Onward,1
Tom and Jerry,In the Heights,1
Tom and Jerry,The Roads Not Taken,1
Tom and Jerry,Fatherhood,1
Tom and Jerry,Samaritan,1
Hitman's Wife's Bodyguard,Halloween Kills,1
Hitman's Wife's Bodyguard,Morbius,1
Hitman's Wife's Bodyguard,Annette,1
Hitman's Wife's Bodyguard,Fatherhood,1
Hitman's Wife's Bodyguard,Finch,1
Hitman's Wife's Bodyguard,Let Him Go,1
Hitman's Wife's Bodyguard,Tom Clancy's Without Remorse,1
Clifford the Big Red Dog,West Side Story,1
Clifford the Big Red Dog,Birds of Prey: And the Fantabulous Emancipation of One Harley Quinn,1
Clifford the Big Red Dog,News of the World,1
Clifford the Big Red Dog,Last Night in Soho,1
Clifford the Big Red Dog,Scoob!,1
Clifford the Big Red Dog,Mainstream,1
Clifford the Big Red Dog,Bliss,1
Clifford the Big Red Dog,The Jesus Rolls,1
Clifford the Big Red Dog,Sylvie's Love,1
Clifford the Big Red Dog,The Photograph,1
Clifford the Big Red Dog,Fatherhood,1
Clifford the Big Red Dog,The Prom,1
Clifford the Big Red Dog,Finch,2
Wendy,Tenet,1
Wendy,Bill & Ted Face the Music,1
Wendy,Dune,1
Wendy,Downhill,1
Wendy,A Quiet Place Part II,1
Wendy,Last Night in Soho,1
Wendy,Dolittle,1
Wendy,Fantasy Island,1
Wendy,Chicken Run Sequel,1
Wendy,The Jesus Rolls,1
Wendy,Clouds,1
Wendy,Hillbilly Elegy,1
